R_Squared,Adjusted_R_Squared,F_Statistic,P_Value,Dataset
0.0696295369136597,0.0502468189326943,3.59235154646725,0.064076513440057,Iris-setosa
