R_Squared,Adjusted_R_Squared,F_Statistic,P_Value,Dataset
0.0696295369136597,0.0502468189326943,3.59235154646725,0.064076513440057,Iris-setosa
0.746884389017569,0.741611147122101,141.636663711476,6.29778575890358e-16,Iris-virginica
0.568589831953705,0.559602120119407,63.2630242754247,2.58618950528083e-10,Iris-versicolor
