variant_id,diseased_frequency,healthy_frequency,frequency_difference
rs925337,0.11363636363636363,0.02564102564102564,0.08799533799533799
rs968998,0.0,0.04487179487179487,0.04487179487179487
rs112663,0.0,0.038461538461538464,0.038461538461538464
rs589243,0.045454545454545456,0.01282051282051282,0.03263403263403264
rs730803,0.045454545454545456,0.01282051282051282,0.03263403263403264
