R_Squared,Adjusted_R_Squared,F_Statistic,P_Value,Dataset
0.746884389017569,0.741611147122101,141.636663711476,6.29778575890358e-16,Iris-virginica
