R_Squared,Adjusted_R_Squared,F_Statistic,P_Value,Dataset
0.568589831953705,0.559602120119407,63.2630242754247,2.58618950528083e-10,Iris-versicolor
